<?xml version='1.0' encoding='UTF-8'?>
<?artifactRepository version='1.1.0'?>
<repository name='Bundle pool' type='org.eclipse.equinox.p2.artifact.repository.simpleRepository' version='1'>
  <properties size='2'>
    <property name='p2.system' value='true'/>
    <property name='p2.timestamp' value='1351459653621'/>
  </properties>
  <mappings size='3'>
    <rule filter='(&amp; (classifier=osgi.bundle))' output='${repoUrl}/plugins/${id}_${version}.jar'/>
    <rule filter='(&amp; (classifier=binary))' output='${repoUrl}/binary/${id}_${version}'/>
    <rule filter='(&amp; (classifier=org.eclipse.update.feature))' output='${repoUrl}/features/${id}_${version}.jar'/>
  </mappings>
  <artifacts size='129'>
    <artifact classifier='osgi.bundle' id='org.eclipse.jetty.continuation' version='8.1.3.v20120522'>
      <properties size='1'>
        <property name='download.size' value='27326'/>
      </properties>
    </artifact>
    <artifact classifier='osgi.bundle' id='org.eclipse.equinox.app' version='1.3.100.v20120522-1841'>
      <properties size='1'>
        <property name='download.size' value='86392'/>
      </properties>
    </artifact>
    <artifact classifier='osgi.bundle' id='org.eclipse.help.base' version='3.6.100.v201206081200'>
      <properties size='1'>
        <property name='download.size' value='421168'/>
      </properties>
    </artifact>
    <artifact classifier='osgi.bundle' id='com.ibm.icu' version='4.4.2.v20110823'>
      <properties size='1'>
        <property name='download.size' value='6701203'/>
      </properties>
    </artifact>
    <artifact classifier='osgi.bundle' id='org.apache.lucene.analysis' version='2.9.1.v201101211721'>
      <properties size='1'>
        <property name='download.size' value='216089'/>
      </properties>
    </artifact>
    <artifact classifier='osgi.bundle' id='org.hamcrest.core' version='1.1.0.v20090501071000'>
      <properties size='1'>
        <property name='download.size' value='27827'/>
      </properties>
    </artifact>
    <artifact classifier='osgi.bundle' id='org.eclipse.osgi' version='3.8.0.v20120529-1548'>
      <properties size='1'>
        <property name='download.size' value='1396174'/>
      </properties>
    </artifact>
    <artifact classifier='osgi.bundle' id='org.eclipse.help.webapp' version='3.6.100.v20120521-2344'>
      <properties size='1'>
        <property name='download.size' value='419424'/>
      </properties>
    </artifact>
    <artifact classifier='osgi.bundle' id='org.eclipse.ui.forms' version='3.5.200.v20120521-2332'>
      <properties size='1'>
        <property name='download.size' value='302117'/>
      </properties>
    </artifact>
    <artifact classifier='osgi.bundle' id='org.neo4j.neoclipse' version='1.8.0'>
      <properties size='1'>
        <property name='download.size' value='17141013'/>
      </properties>
    </artifact>
    <artifact classifier='osgi.bundle' id='org.eclipse.swt' version='3.8.0.v3833'>
      <properties size='1'>
        <property name='download.size' value='18538'/>
      </properties>
    </artifact>
    <artifact classifier='osgi.bundle' id='org.eclipse.update.ui' version='3.3.0.v20120523-1742'>
      <properties size='1'>
        <property name='download.size' value='508620'/>
      </properties>
    </artifact>
    <artifact classifier='osgi.bundle' id='org.eclipse.jetty.http' version='8.1.3.v20120522'>
      <properties size='1'>
        <property name='download.size' value='101520'/>
      </properties>
    </artifact>
    <artifact classifier='osgi.bundle' id='org.eclipse.emf.ecore.change' version='2.8.0.v20120606-0717'>
      <properties size='1'>
        <property name='download.size' value='83060'/>
      </properties>
    </artifact>
    <artifact classifier='osgi.bundle' id='org.eclipse.compare.core' version='3.5.200.v20120522-1148'>
      <properties size='1'>
        <property name='download.size' value='63241'/>
      </properties>
    </artifact>
    <artifact classifier='osgi.bundle' id='org.eclipse.equinox.http.registry' version='1.1.200.v20120522-2049'>
      <properties size='1'>
        <property name='download.size' value='45224'/>
      </properties>
    </artifact>
    <artifact classifier='osgi.bundle' id='org.eclipse.ui.views.properties.tabbed' version='3.5.300.v20120523-1956'>
      <properties size='1'>
        <property name='download.size' value='105405'/>
      </properties>
    </artifact>
    <artifact classifier='osgi.bundle' id='javax.servlet' version='3.0.0.v201112011016'>
      <properties size='1'>
        <property name='download.size' value='200387'/>
      </properties>
    </artifact>
    <artifact classifier='osgi.bundle' id='org.eclipse.ltk.core.refactoring' version='3.6.0.v20120523-1543'>
      <properties size='1'>
        <property name='download.size' value='325761'/>
      </properties>
    </artifact>
    <artifact classifier='osgi.bundle' id='org.eclipse.zest.layouts' version='1.1.0.201206112118'>
      <properties size='1'>
        <property name='download.size' value='130506'/>
      </properties>
    </artifact>
    <artifact classifier='osgi.bundle' id='org.eclipse.wst.common.emfworkbench.integration' version='1.2.101.v201107140600'>
      <properties size='1'>
        <property name='download.size' value='140292'/>
      </properties>
    </artifact>
    <artifact classifier='osgi.bundle' id='org.apache.xerces' version='2.9.0.v201101211617'>
      <properties size='1'>
        <property name='download.size' value='1303463'/>
      </properties>
    </artifact>
    <artifact classifier='osgi.bundle' id='org.eclipse.jem.util' version='2.1.100.v201103021400'>
      <properties size='1'>
        <property name='download.size' value='109936'/>
      </properties>
    </artifact>
    <artifact classifier='osgi.bundle' id='org.eclipse.ui.editors' version='3.8.0.v20120523-1540'>
      <properties size='1'>
        <property name='download.size' value='573589'/>
      </properties>
    </artifact>
    <artifact classifier='osgi.bundle' id='org.eclipse.emf.ecore.xmi' version='2.8.0.v20120606-0717'>
      <properties size='1'>
        <property name='download.size' value='222842'/>
      </properties>
    </artifact>
    <artifact classifier='osgi.bundle' id='org.apache.jasper.glassfish' version='2.2.2.v201205150955'>
      <properties size='1'>
        <property name='download.size' value='2383692'/>
      </properties>
    </artifact>
    <artifact classifier='osgi.bundle' id='org.eclipse.core.jobs' version='3.5.200.v20120521-2346'>
      <properties size='1'>
        <property name='download.size' value='92327'/>
      </properties>
    </artifact>
    <artifact classifier='osgi.bundle' id='org.apache.commons.logging' version='1.1.1.v201005080502'>
      <properties size='1'>
        <property name='download.size' value='75782'/>
      </properties>
    </artifact>
    <artifact classifier='osgi.bundle' id='org.eclipse.equinox.p2.repository' version='2.2.0.v20120524-1945'>
      <properties size='1'>
        <property name='download.size' value='131862'/>
      </properties>
    </artifact>
    <artifact classifier='osgi.bundle' id='org.eclipse.core.net' version='1.2.200.v20120522-1148'>
      <properties size='1'>
        <property name='download.size' value='70467'/>
      </properties>
    </artifact>
    <artifact classifier='osgi.bundle' id='org.eclipse.core.filesystem' version='1.3.200.v20120522-2012'>
      <properties size='1'>
        <property name='download.size' value='57913'/>
      </properties>
    </artifact>
    <artifact classifier='osgi.bundle' id='org.eclipse.equinox.launcher.gtk.linux.x86_64' version='1.1.200.v20120522-1813'>
      <properties size='1'>
        <property name='download.size' value='79575'/>
      </properties>
      <repositoryProperties size='1'>
        <property name='artifact.folder' value='true'/>
      </repositoryProperties>
    </artifact>
    <artifact classifier='osgi.bundle' id='org.eclipse.team.ui' version='3.6.200.v20120522-1148'>
      <properties size='1'>
        <property name='download.size' value='1444123'/>
      </properties>
    </artifact>
    <artifact classifier='osgi.bundle' id='org.eclipse.emf.edit' version='2.8.0.v20120608-0554'>
      <properties size='1'>
        <property name='download.size' value='264841'/>
      </properties>
    </artifact>
    <artifact classifier='osgi.bundle' id='org.eclipse.core.filebuffers' version='3.5.200.v20120523-1310'>
      <properties size='1'>
        <property name='download.size' value='114686'/>
      </properties>
    </artifact>
    <artifact classifier='osgi.bundle' id='org.eclipse.jface' version='3.8.0.v20120521-2332'>
      <properties size='1'>
        <property name='download.size' value='1090092'/>
      </properties>
    </artifact>
    <artifact classifier='osgi.bundle' id='org.eclipse.wst.common.frameworks' version='1.2.200.v201203141800'>
      <properties size='1'>
        <property name='download.size' value='114406'/>
      </properties>
    </artifact>
    <artifact classifier='osgi.bundle' id='org.eclipse.jetty.io' version='8.1.3.v20120522'>
      <properties size='1'>
        <property name='download.size' value='111096'/>
      </properties>
    </artifact>
    <artifact classifier='osgi.bundle' id='org.eclipse.jetty.security' version='8.1.3.v20120522'>
      <properties size='1'>
        <property name='download.size' value='95307'/>
      </properties>
    </artifact>
    <artifact classifier='osgi.bundle' id='org.eclipse.core.filesystem.linux.x86_64' version='1.2.0.v20120522-1137'>
      <properties size='1'>
        <property name='download.size' value='10778'/>
      </properties>
    </artifact>
    <artifact classifier='osgi.bundle' id='org.eclipse.ui' version='3.8.0.v20120523-1546'>
      <properties size='1'>
        <property name='download.size' value='154482'/>
      </properties>
    </artifact>
    <artifact classifier='osgi.bundle' id='org.eclipse.core.databinding' version='1.4.1.v20120521-2332'>
      <properties size='1'>
        <property name='download.size' value='202251'/>
      </properties>
    </artifact>
    <artifact classifier='osgi.bundle' id='org.eclipse.zest.core' version='1.3.0.201206112118'>
      <properties size='1'>
        <property name='download.size' value='145811'/>
      </properties>
    </artifact>
    <artifact classifier='osgi.bundle' id='org.eclipse.compare' version='3.5.300.v20120522-1148'>
      <properties size='1'>
        <property name='download.size' value='737822'/>
      </properties>
    </artifact>
    <artifact classifier='osgi.bundle' id='org.eclipse.platform' version='3.8.0.v201206081200'>
      <properties size='1'>
        <property name='download.size' value='399181'/>
      </properties>
      <repositoryProperties size='1'>
        <property name='artifact.folder' value='true'/>
      </repositoryProperties>
    </artifact>
    <artifact classifier='osgi.bundle' id='org.junit' version='4.10.0.v4_10_0_v20120426-0900'>
      <properties size='1'>
        <property name='download.size' value='216863'/>
      </properties>
      <repositoryProperties size='1'>
        <property name='artifact.folder' value='true'/>
      </repositoryProperties>
    </artifact>
    <artifact classifier='osgi.bundle' id='org.eclipse.draw2d' version='3.8.0.201206112118'>
      <properties size='1'>
        <property name='download.size' value='570229'/>
      </properties>
    </artifact>
    <artifact classifier='osgi.bundle' id='org.eclipse.ui.ide' version='3.8.0.v20120521-2332'>
      <properties size='1'>
        <property name='download.size' value='2360627'/>
      </properties>
    </artifact>
    <artifact classifier='osgi.bundle' id='org.eclipse.wst.validation' version='1.2.400.v201204260100'>
      <properties size='1'>
        <property name='download.size' value='409682'/>
      </properties>
    </artifact>
    <artifact classifier='osgi.bundle' id='org.eclipse.emf.ecore' version='2.8.0.v20120606-0717'>
      <properties size='1'>
        <property name='download.size' value='1126111'/>
      </properties>
    </artifact>
    <artifact classifier='osgi.bundle' id='org.eclipse.team.core' version='3.6.100.v20120524-0627'>
      <properties size='1'>
        <property name='download.size' value='398412'/>
      </properties>
    </artifact>
    <artifact classifier='osgi.bundle' id='org.eclipse.wst.common.uriresolver' version='1.2.0.v201203071939'>
      <properties size='1'>
        <property name='download.size' value='41494'/>
      </properties>
    </artifact>
    <artifact classifier='osgi.bundle' id='org.eclipse.equinox.http.jetty' version='3.0.0.v20120522-1841'>
      <properties size='1'>
        <property name='download.size' value='25257'/>
      </properties>
    </artifact>
    <artifact classifier='osgi.bundle' id='org.eclipse.jface.text' version='3.8.0.v20120531-0600'>
      <properties size='1'>
        <property name='download.size' value='991328'/>
      </properties>
    </artifact>
    <artifact classifier='osgi.bundle' id='org.eclipse.update.core' version='3.2.600.v20120530-120908'>
      <properties size='1'>
        <property name='download.size' value='596938'/>
      </properties>
    </artifact>
    <artifact classifier='osgi.bundle' id='org.eclipse.ui.workbench' version='3.8.0.v20120521-2332'>
      <properties size='1'>
        <property name='download.size' value='4173008'/>
      </properties>
    </artifact>
    <artifact classifier='osgi.bundle' id='org.eclipse.ant.core' version='3.2.400.v20120523-1742'>
      <properties size='1'>
        <property name='download.size' value='99102'/>
      </properties>
    </artifact>
    <artifact classifier='osgi.bundle' id='org.eclipse.wst.xsd.core' version='1.1.700.v201204102147'>
      <properties size='1'>
        <property name='download.size' value='73500'/>
      </properties>
    </artifact>
    <artifact classifier='osgi.bundle' id='org.eclipse.ui.workbench.texteditor' version='3.8.0.v20120523-1310'>
      <properties size='1'>
        <property name='download.size' value='584032'/>
      </properties>
    </artifact>
    <artifact classifier='osgi.bundle' id='org.eclipse.wst.xml.core' version='1.1.700.v201204241737'>
      <properties size='1'>
        <property name='download.size' value='737552'/>
      </properties>
    </artifact>
    <artifact classifier='osgi.bundle' id='org.apache.lucene' version='2.9.1.v201101211721'>
      <properties size='1'>
        <property name='download.size' value='71018'/>
      </properties>
    </artifact>
    <artifact classifier='osgi.bundle' id='org.apache.lucene' version='1.9.1.v201101211617'>
      <properties size='1'>
        <property name='download.size' value='459543'/>
      </properties>
    </artifact>
    <artifact classifier='osgi.bundle' id='org.eclipse.equinox.p2.metadata' version='2.1.0.v20120430-2001'>
      <properties size='1'>
        <property name='download.size' value='340682'/>
      </properties>
    </artifact>
    <artifact classifier='osgi.bundle' id='org.eclipse.emf.common' version='2.8.0.v20120606-0717'>
      <properties size='1'>
        <property name='download.size' value='214227'/>
      </properties>
    </artifact>
    <artifact classifier='osgi.bundle' id='com.springsource.javax.jms' version='1.1.0'>
      <properties size='1'>
        <property name='download.size' value='37154'/>
      </properties>
    </artifact>
    <artifact classifier='osgi.bundle' id='org.apache.xml.serializer' version='2.7.1.v201005080400'>
      <properties size='1'>
        <property name='download.size' value='293194'/>
      </properties>
    </artifact>
    <artifact classifier='osgi.bundle' id='org.eclipse.equinox.p2.core' version='2.2.0.v20120430-0525'>
      <properties size='1'>
        <property name='download.size' value='72597'/>
      </properties>
    </artifact>
    <artifact classifier='osgi.bundle' id='org.eclipse.ui.navigator' version='3.5.200.v20120523-1956'>
      <properties size='1'>
        <property name='download.size' value='406142'/>
      </properties>
    </artifact>
    <artifact classifier='osgi.bundle' id='org.eclipse.equinox.security' version='1.1.100.v20120522-1841'>
      <properties size='1'>
        <property name='download.size' value='107463'/>
      </properties>
    </artifact>
    <artifact classifier='osgi.bundle' id='org.eclipse.help.ui' version='3.5.200.v20120521-2344'>
      <properties size='1'>
        <property name='download.size' value='499284'/>
      </properties>
    </artifact>
    <artifact classifier='osgi.bundle' id='org.eclipse.equinox.common' version='3.6.100.v20120522-1841'>
      <properties size='1'>
        <property name='download.size' value='106765'/>
      </properties>
    </artifact>
    <artifact classifier='osgi.bundle' id='org.eclipse.ltk.ui.refactoring' version='3.7.0.v20120523-1543'>
      <properties size='1'>
        <property name='download.size' value='458247'/>
      </properties>
    </artifact>
    <artifact classifier='osgi.bundle' id='org.eclipse.core.runtime' version='3.8.0.v20120521-2346'>
      <properties size='1'>
        <property name='download.size' value='75322'/>
      </properties>
    </artifact>
    <artifact classifier='osgi.bundle' id='org.eclipse.core.net.linux.x86_64' version='1.1.0.v20120522-1148'>
      <properties size='1'>
        <property name='download.size' value='38976'/>
      </properties>
    </artifact>
    <artifact classifier='osgi.bundle' id='javax.mail' version='1.4.0.v201005080615'>
      <properties size='1'>
        <property name='download.size' value='320960'/>
      </properties>
    </artifact>
    <artifact classifier='osgi.bundle' id='org.apache.lucene.core' version='2.9.1.v201101211721'>
      <properties size='1'>
        <property name='download.size' value='1168475'/>
      </properties>
    </artifact>
    <artifact classifier='osgi.bundle' id='org.eclipse.osgi.services' version='3.3.100.v20120522-1822'>
      <properties size='1'>
        <property name='download.size' value='83081'/>
      </properties>
    </artifact>
    <artifact classifier='osgi.bundle' id='org.eclipse.core.databinding.property' version='1.4.100.v20120523-1956'>
      <properties size='1'>
        <property name='download.size' value='169207'/>
      </properties>
    </artifact>
    <artifact classifier='osgi.bundle' id='org.eclipse.ui.views' version='3.6.100.v20120521-2332'>
      <properties size='1'>
        <property name='download.size' value='91381'/>
      </properties>
    </artifact>
    <artifact classifier='osgi.bundle' id='org.eclipse.gef' version='3.8.0.201206112118'>
      <properties size='1'>
        <property name='download.size' value='849186'/>
      </properties>
    </artifact>
    <artifact classifier='osgi.bundle' id='org.junit4' version='4.8.1.v20120523-1257'>
      <properties size='1'>
        <property name='download.size' value='1806'/>
      </properties>
      <repositoryProperties size='1'>
        <property name='artifact.folder' value='true'/>
      </repositoryProperties>
    </artifact>
    <artifact classifier='osgi.bundle' id='org.eclipse.wst.common.emf' version='1.2.100.v201101101900'>
      <properties size='1'>
        <property name='download.size' value='213584'/>
      </properties>
    </artifact>
    <artifact classifier='osgi.bundle' id='org.eclipse.ui.console' version='3.5.100.v20120521-2012'>
      <properties size='1'>
        <property name='download.size' value='161182'/>
      </properties>
    </artifact>
    <artifact classifier='osgi.bundle' id='org.eclipse.wst.common.core' version='1.2.0.v200908252030'>
      <properties size='1'>
        <property name='download.size' value='53377'/>
      </properties>
    </artifact>
    <artifact classifier='osgi.bundle' id='org.apache.xml.resolver' version='1.2.0.v201005080400'>
      <properties size='1'>
        <property name='download.size' value='96354'/>
      </properties>
    </artifact>
    <artifact classifier='osgi.bundle' id='org.eclipse.wst.common.project.facet.core' version='1.4.300.v201111030424'>
      <properties size='1'>
        <property name='download.size' value='360169'/>
      </properties>
    </artifact>
    <artifact classifier='osgi.bundle' id='org.eclipse.ui.intro' version='3.4.200.v20120521-2344'>
      <properties size='1'>
        <property name='download.size' value='309397'/>
      </properties>
    </artifact>
    <artifact classifier='osgi.bundle' id='org.eclipse.core.runtime.compatibility.registry' version='3.5.100.v20120521-2346'>
      <properties size='1'>
        <property name='download.size' value='19329'/>
      </properties>
      <repositoryProperties size='1'>
        <property name='artifact.folder' value='true'/>
      </repositoryProperties>
    </artifact>
    <artifact classifier='osgi.bundle' id='org.eclipse.equinox.jsp.jasper' version='1.0.400.v20120522-2049'>
      <properties size='1'>
        <property name='download.size' value='28278'/>
      </properties>
    </artifact>
    <artifact classifier='osgi.bundle' id='javax.xml' version='1.3.4.v201005080400'>
      <properties size='1'>
        <property name='download.size' value='237988'/>
      </properties>
    </artifact>
    <artifact classifier='osgi.bundle' id='org.eclipse.equinox.launcher' version='1.3.0.v20120522-1813'>
      <properties size='1'>
        <property name='download.size' value='49279'/>
      </properties>
    </artifact>
    <artifact classifier='osgi.bundle' id='org.eclipse.osgi.util' version='3.2.300.v20120522-1822'>
      <properties size='1'>
        <property name='download.size' value='24975'/>
      </properties>
    </artifact>
    <artifact classifier='osgi.bundle' id='org.eclipse.equinox.jsp.jasper.registry' version='1.0.300.v20120522-2049'>
      <properties size='1'>
        <property name='download.size' value='12355'/>
      </properties>
    </artifact>
    <artifact classifier='osgi.bundle' id='org.eclipse.emf.ecore.edit' version='2.8.0.v20120608-0554'>
      <properties size='1'>
        <property name='download.size' value='127850'/>
      </properties>
    </artifact>
    <artifact classifier='osgi.bundle' id='org.eclipse.core.contenttype' version='3.4.200.v20120523-2004'>
      <properties size='1'>
        <property name='download.size' value='93176'/>
      </properties>
    </artifact>
    <artifact classifier='osgi.bundle' id='org.eclipse.help' version='3.6.0.v20120521-2344'>
      <properties size='1'>
        <property name='download.size' value='258844'/>
      </properties>
    </artifact>
    <artifact classifier='osgi.bundle' id='org.eclipse.core.expressions' version='3.4.400.v20120523-2004'>
      <properties size='1'>
        <property name='download.size' value='88230'/>
      </properties>
    </artifact>
    <artifact classifier='osgi.bundle' id='org.eclipse.equinox.preferences' version='3.5.0.v20120522-1841'>
      <properties size='1'>
        <property name='download.size' value='126765'/>
      </properties>
    </artifact>
    <artifact classifier='osgi.bundle' id='org.eclipse.jface.databinding' version='1.6.0.v20120521-2332'>
      <properties size='1'>
        <property name='download.size' value='278374'/>
      </properties>
    </artifact>
    <artifact classifier='osgi.bundle' id='javax.el' version='2.2.0.v201108011116'>
      <properties size='1'>
        <property name='download.size' value='51112'/>
      </properties>
    </artifact>
    <artifact classifier='osgi.bundle' id='org.eclipse.ui.intro.universal' version='3.2.600.v20120521-2344'>
      <properties size='1'>
        <property name='download.size' value='1637377'/>
      </properties>
      <repositoryProperties size='1'>
        <property name='artifact.folder' value='true'/>
      </repositoryProperties>
    </artifact>
    <artifact classifier='osgi.bundle' id='javax.activation' version='1.1.0.v201108011116'>
      <properties size='1'>
        <property name='download.size' value='54439'/>
      </properties>
    </artifact>
    <artifact classifier='osgi.bundle' id='org.eclipse.core.resources' version='3.8.0.v20120522-2034'>
      <properties size='1'>
        <property name='download.size' value='809741'/>
      </properties>
    </artifact>
    <artifact classifier='osgi.bundle' id='org.eclipse.xsd' version='2.8.0.v20120608-0554'>
      <properties size='1'>
        <property name='download.size' value='993982'/>
      </properties>
    </artifact>
    <artifact classifier='osgi.bundle' id='org.neo4j.neoclipse.doc' version='1.8.0'>
      <properties size='1'>
        <property name='download.size' value='472028'/>
      </properties>
    </artifact>
    <artifact classifier='osgi.bundle' id='org.apache.ant' version='1.8.3.v20120321-1730'>
      <properties size='1'>
        <property name='download.size' value='2358106'/>
      </properties>
      <repositoryProperties size='1'>
        <property name='artifact.folder' value='true'/>
      </repositoryProperties>
    </artifact>
    <artifact classifier='osgi.bundle' id='javax.servlet.jsp' version='2.2.0.v201112011158'>
      <properties size='1'>
        <property name='download.size' value='106024'/>
      </properties>
    </artifact>
    <artifact classifier='osgi.bundle' id='org.eclipse.jetty.util' version='8.1.3.v20120522'>
      <properties size='1'>
        <property name='download.size' value='282733'/>
      </properties>
    </artifact>
    <artifact classifier='osgi.bundle' id='org.eclipse.text' version='3.5.200.v20120523-1310'>
      <properties size='1'>
        <property name='download.size' value='249362'/>
      </properties>
    </artifact>
    <artifact classifier='osgi.bundle' id='org.eclipse.ui.cheatsheets' version='3.4.200.v20120521-2344'>
      <properties size='1'>
        <property name='download.size' value='330210'/>
      </properties>
    </artifact>
    <artifact classifier='osgi.bundle' id='org.eclipse.ui.ide.application' version='1.0.400.v20120523-1956'>
      <properties size='1'>
        <property name='download.size' value='66382'/>
      </properties>
    </artifact>
    <artifact classifier='osgi.bundle' id='org.eclipse.jetty.servlet' version='8.1.3.v20120522'>
      <properties size='1'>
        <property name='download.size' value='102982'/>
      </properties>
    </artifact>
    <artifact classifier='osgi.bundle' id='org.eclipse.core.databinding.observable' version='1.4.1.v20120521-2332'>
      <properties size='1'>
        <property name='download.size' value='297394'/>
      </properties>
    </artifact>
    <artifact classifier='osgi.bundle' id='org.eclipse.help.appserver' version='3.1.400.v20120521-2344'>
      <properties size='1'>
        <property name='download.size' value='19528'/>
      </properties>
    </artifact>
    <artifact classifier='osgi.bundle' id='org.eclipse.search' version='3.8.0.v20120523-1540'>
      <properties size='1'>
        <property name='download.size' value='470072'/>
      </properties>
    </artifact>
    <artifact classifier='osgi.bundle' id='org.eclipse.core.runtime.compatibility.auth' version='3.2.300.v20120523-2004'>
      <properties size='1'>
        <property name='download.size' value='21532'/>
      </properties>
    </artifact>
    <artifact classifier='osgi.bundle' id='org.eclipse.swt.gtk.linux.x86_64' version='3.8.1.v3834e'>
      <properties size='1'>
        <property name='download.size' value='2565284'/>
      </properties>
    </artifact>
    <artifact classifier='osgi.bundle' id='org.eclipse.core.commands' version='3.6.1.v20120521-2332'>
      <properties size='1'>
        <property name='download.size' value='108732'/>
      </properties>
    </artifact>
    <artifact classifier='osgi.bundle' id='org.eclipse.wst.sse.core' version='1.1.700.v201205171812'>
      <properties size='1'>
        <property name='download.size' value='440699'/>
      </properties>
    </artifact>
    <artifact classifier='osgi.bundle' id='org.eclipse.equinox.http.servlet' version='1.1.300.v20120522-1841'>
      <properties size='1'>
        <property name='download.size' value='45070'/>
      </properties>
    </artifact>
    <artifact classifier='osgi.bundle' id='org.eclipse.core.runtime.compatibility' version='3.2.200.v20120521-2346'>
      <properties size='1'>
        <property name='download.size' value='94012'/>
      </properties>
    </artifact>
    <artifact classifier='osgi.bundle' id='org.eclipse.equinox.p2.metadata.repository' version='1.2.100.v20120524-1717'>
      <properties size='1'>
        <property name='download.size' value='118139'/>
      </properties>
    </artifact>
    <artifact classifier='osgi.bundle' id='org.eclipse.wst.common.environment' version='1.0.400.v200912181832'>
      <properties size='1'>
        <property name='download.size' value='44139'/>
      </properties>
    </artifact>
    <artifact classifier='osgi.bundle' id='org.eclipse.ui.navigator.resources' version='3.4.400.v20120523-1956'>
      <properties size='1'>
        <property name='download.size' value='120315'/>
      </properties>
    </artifact>
    <artifact classifier='osgi.bundle' id='org.eclipse.core.variables' version='3.2.600.v20120521-2012'>
      <properties size='1'>
        <property name='download.size' value='34351'/>
      </properties>
    </artifact>
    <artifact classifier='osgi.bundle' id='org.eclipse.update.configurator' version='3.3.200.v20120523-1742'>
      <properties size='1'>
        <property name='download.size' value='101128'/>
      </properties>
    </artifact>
    <artifact classifier='osgi.bundle' id='org.eclipse.equinox.registry' version='3.5.200.v20120522-1841'>
      <properties size='1'>
        <property name='download.size' value='184238'/>
      </properties>
    </artifact>
    <artifact classifier='osgi.bundle' id='org.eclipse.equinox.p2.engine' version='2.2.0.v20120501-1502'>
      <properties size='1'>
        <property name='download.size' value='197425'/>
      </properties>
    </artifact>
    <artifact classifier='osgi.bundle' id='org.eclipse.jetty.server' version='8.1.3.v20120522'>
      <properties size='1'>
        <property name='download.size' value='344660'/>
      </properties>
    </artifact>
  </artifacts>
</repository>
